,type,count,ratio
0,Company Contacts,7244,0.30135618603877196
1,Beneficial Owner,16794,0.6986438139612281
