,type,count,ratio
0,Company Contacts,7034,0.25465208891463326
1,Beneficial Owner,11949,0.43258996452103393
2,Companys,8639,0.31275794656433276
